{
  "Область": {
    "Акмолинская область": {
      "mean": 0.1262470626340941,
      "std": 0.1746671280325177
    },
    "Актюбинская область": {
      "mean": 0.12383993433890444,
      "std": 0.1749678865706756
    },
    "Алматинская область": {
      "mean": 0.12156906604363381,
      "std": 0.17292375512614705
    },
    "Атырауская область": {
      "mean": 0.12747812676632123,
      "std": 0.17387014522585897
    },
    "Восточно-Казахстанская область": {
      "mean": 0.12230964437394969,
      "std": 0.17115660137638442
    },
    "Жамбылская область": {
      "mean": 0.11886406334658561,
      "std": 0.1728806906149323
    },
    "Западно-Казахстанская область": {
      "mean": 0.11936242180123298,
      "std": 0.17297586774640664
    },
    "Карагандинская область": {
      "mean": 0.12785689136349473,
      "std": 0.1740963141185947
    },
    "Костанайская область": {
      "mean": 0.11562211123304328,
      "std": 0.17124381489322613
    },
    "Кызылординская область": {
      "mean": 0.129224776265759,
      "std": 0.17732181771310446
    },
    "Мангистауская область": {
      "mean": 0.12137116811126085,
      "std": 0.17422379344554126
    },
    "Павлодарская область": {
      "mean": 0.12252538576029437,
      "std": 0.17274163397061296
    },
    "Северо-Казахстанская область": {
      "mean": 0.12432590175608424,
      "std": 0.17529212915968373
    },
    "Туркестанская область": {
      "mean": 0.13044491474839234,
      "std": 0.17573545381108613
    },
    "г.Шымкент": {
      "mean": 0.12771227804228485,
      "std": 0.17009040982702547
    },
    "область Абай": {
      "mean": 0.1270960002065212,
      "std": 0.17049093523574146
    },
    "область Жетісу": {
      "mean": 0.12380273112102683,
      "std": 0.1714120687299454
    },
    "область Ұлытау": {
      "mean": 0.1406570164474447,
      "std": 0.18604807947804564
    }
  },
  "Наименование субсидирования": {
    "Возмещение затрат на содержание племенного поголовья пород лошадей верхового и верхово-упряжного направлений, выведенных на территории Республики Казахстан": {
      "mean": 0.04820309601257928,
      "std": 0.09486349728941627
    },
    "Заявка на получение субсидий за приобретение импортированного племенного маточного поголовья крупного рогатого скота из Австралии, стран Северной и Южной Америки, стран Европы (молочных, молочно-мясных пород)": {
      "mean": 0.12624688771538756,
      "std": 0.17355651967748878
    },
    "Заявка на получение субсидий за приобретение импортированного племенного маточного поголовья крупного рогатого скота из Австралии, стран Северной и Южной Америки, стран Европы (мясных и мясо-молочных пород)": {
      "mean": 0.01842010667948259,
      "std": 0.01
    },
    "Заявка на получение субсидий за приобретение импортированного племенного маточного поголовья крупного рогатого скота из стран Содружества Независимых Государств, Украины (молочных, молочно-мясных пород)": {
      "mean": 0.16064866340593079,
      "std": 0.19292441420720774
    },
    "Заявка на получение субсидий за приобретение отечественного племенного маточного поголовья крупного рогатого скота (молочных, молочно-мясных пород)": {
      "mean": 0.10842879600710263,
      "std": 0.1758860959382004
    },
    "Заявка на получение субсидий за приобретение отечественного племенного маточного поголовья крупного рогатого скота (мясных и мясо-молочных пород)": {
      "mean": 0.12334637668573381,
      "std": 0.17029225490457714
    },
    "Заявка на получение субсидий за приобретение отечественных племенных овец": {
      "mean": 0.1272623958187661,
      "std": 0.17187909469554247
    },
    "Заявка на получение субсидий за приобретение племенного жеребца-производителя продуктивного направления": {
      "mean": 0.09827006518749898,
      "std": 0.1570738872768667
    },
    "Заявка на получение субсидий за приобретение племенного маточного поголовья коз": {
      "mean": 0.21201962446489378,
      "std": 0.11250770445185479
    },
    "Заявка на получение субсидий за приобретение племенного поголовья свиней": {
      "mean": 0.1855889555747584,
      "std": 0.11369663402373777
    },
    "Заявка на получение субсидий за приобретение племенного суточного молодняка родительской/прародительской формы мясного направления птиц": {
      "mean": 0.1323277028043579,
      "std": 0.19201591334880366
    },
    "Заявка на получение субсидий за приобретение племенных быков-производителей мясных и мясо-молочных пород": {
      "mean": 0.11968820980298779,
      "std": 0.17279808728729595
    },
    "Заявка на получение субсидий за приобретение суточного молодняка финальной формы яичного направления, полученного от племенной птицы": {
      "mean": 0.1334260686952017,
      "std": 0.1793459890104729
    },
    "Заявка на получение субсидий за приобретенное двуполое семя племенных быков молочного/молочно-мясного и мясного/мясо-молочного направлений": {
      "mean": 0.1390013276054484,
      "std": 0.17735502241318934
    },
    "Заявка на получение субсидий за приобретенное однополое семя племенных быков молочного/молочно-мясного и мясного/мясо-молочного направлений": {
      "mean": 0.11649752016624897,
      "std": 0.16306100484497713
    },
    "Заявка на получение субсидий на Удешевление стоимости затрат на корма сельскохозяйственным животным (маточное поголовье крупного рогатого скота молочного и молочно-мясного направления) по Туркестанской области": {
      "mean": 0.048441140402197366,
      "std": 0.16030929125539933
    },
    "Заявка на получение субсидий на ведение селекционной и племенной работы с маточным и ремонтным поголовьем свиней": {
      "mean": 0.13491606375917362,
      "std": 0.17790680866917394
    },
    "Заявка на получение субсидий на ведение селекционной и племенной работы с племенным маточным поголовьем крупного рогатого скота": {
      "mean": 0.12110514970709448,
      "std": 0.1799949517128394
    },
    "Заявка на получение субсидий на ведение селекционной и племенной работы с товарным маточным поголовьем крупного рогатого скота": {
      "mean": 0.12383475310772242,
      "std": 0.17558901900844417
    },
    "Заявка на получение субсидий на удешевление стоимости затрат на корма маточному поголовью сельскохозяйственных животных (маточное поголовье верблюдов)": {
      "mean": 0.1201996415765553,
      "std": 0.1765484375573248
    },
    "Заявка на получение субсидий на удешевление стоимости затрат на корма маточному поголовью сельскохозяйственных животных (маточное поголовье крупного рогатого скота молочного и молочно-мясного направления)": {
      "mean": 0.2650814741435936,
      "std": 0.1016902946216631
    },
    "Заявка на получение субсидий на удешевление стоимости затрат на корма маточному поголовью сельскохозяйственных животных (маточное поголовье крупного рогатого скота)": {
      "mean": 0.12500178878229976,
      "std": 0.17704687911932393
    },
    "Заявка на получение субсидий на удешевление стоимости затрат на корма маточному поголовью сельскохозяйственных животных (маточное поголовье лошадей)": {
      "mean": 0.12021128616971356,
      "std": 0.17315213618222922
    },
    "Заявка на получение субсидий на удешевление стоимости затрат на корма маточному поголовью сельскохозяйственных животных (маточное поголовье мелкого рогатого скота)": {
      "mean": 0.12326036112920312,
      "std": 0.17139880466390983
    },
    "Заявка на получение субсидий на удешевление стоимости крупного рогатого скота (в том числе племенные мужские особи молочных или молочно-мясных пород), реализованных или перемещенных на откорм в откормочные площадки или мясоперерабатывающие предприятия с убойной мощностью не менее 50 голов крупного рогатого скота в сутки": {
      "mean": 0.12586453456774951,
      "std": 0.17322760983516597
    },